Date,"Close","Open","High","Low","Change %"
"07/28/2026","6.778","6.757","6.778","6.757","0.07%"
"07/27/2026","6.773","6.769","6.779","6.765","-0.78%"
"07/24/2026","6.826","6.840","6.863","6.812","-0.20%"
"07/23/2026","6.840","6.801","6.840","6.801","0.57%"
"07/22/2026","6.801","6.791","6.817","6.791","0.15%"
"07/21/2026","6.791","6.772","6.792","6.751","0.28%"
"07/20/2026","6.772","6.819","6.828","6.772","-0.12%"
"07/17/2026","6.780","6.751","6.780","6.747","0.43%"
"07/16/2026","6.751","6.775","6.775","6.736","-0.35%"
"07/15/2026","6.775","6.797","6.797","6.767","-0.32%"
"07/14/2026","6.797","6.733","6.813","6.733","0.95%"
"07/13/2026","6.733","6.716","6.742","6.716","0.25%"
"07/10/2026","6.716","6.754","6.754","6.708","-0.56%"
"07/09/2026","6.754","6.766","6.770","6.744","-0.18%"
"07/08/2026","6.766","6.692","6.767","6.692","1.11%"
"07/07/2026","6.692","6.689","6.714","6.687","0.04%"
"07/06/2026","6.689","6.707","6.707","6.675","-0.27%"
"07/03/2026","6.707","6.713","6.738","6.707","-0.09%"
"07/02/2026","6.713","6.760","6.760","6.713","-0.70%"
"07/01/2026","6.760","6.753","6.768","6.735","0.10%"
"06/30/2026","6.753","6.755","6.755","6.704","-0.03%"
"06/29/2026","6.755","6.774","6.783","6.755","-0.28%"
"06/26/2026","6.774","6.774","6.774","6.774","0.00%"
"06/25/2026","6.774","6.787","6.787","6.758","-0.19%"
"06/24/2026","6.787","6.840","6.840","6.787","-0.77%"
"06/23/2026","6.840","6.851","6.851","6.824","-0.16%"
"06/22/2026","6.851","6.858","6.864","6.847","-0.10%"
"06/19/2026","6.858","6.843","6.860","6.843","0.22%"
"06/18/2026","6.843","6.865","6.874","6.832","-0.32%"
"06/17/2026","6.865","6.866","6.866","6.855","-0.01%"
"06/16/2026","6.866","6.872","6.872","6.860","-0.09%"
"06/15/2026","6.872","6.866","6.873","6.831","0.09%"
"06/12/2026","6.866","6.897","6.897","6.857","-0.45%"
"06/11/2026","6.897","6.913","6.919","6.894","-0.23%"
"06/10/2026","6.913","6.871","6.916","6.871","0.61%"
"06/09/2026","6.871","6.949","6.949","6.871","-1.12%"
"06/08/2026","6.949","6.975","6.984","6.945","-0.37%"
"06/05/2026","6.975","6.995","7.018","6.924","-0.29%"
"06/04/2026","6.995","7.025","7.025","6.987","-0.44%"
"06/03/2026","7.026","7.017","7.070","7.009","0.13%"
"06/02/2026","7.017","7.022","7.047","6.999","-0.07%"
"06/01/2026","7.022","7.003","7.052","7.003","0.27%"
"05/29/2026","7.003","6.996","7.017","6.975","0.10%"
"05/28/2026","6.996","6.996","6.996","6.996","0.00%"
"05/27/2026","6.996","6.995","7.004","6.973","0.00%"
"05/26/2026","6.996","7.025","7.043","6.996","-0.41%"
"05/25/2026","7.025","7.087","7.087","7.015","-0.89%"
"05/22/2026","7.088","7.117","7.117","7.073","-0.42%"
"05/21/2026","7.118","7.078","7.131","7.048","0.55%"
"05/20/2026","7.079","7.111","7.137","7.068","-0.45%"
"05/19/2026","7.111","7.121","7.123","7.098","-0.14%"
"05/18/2026","7.121","7.064","7.142","7.064","0.64%"
"05/15/2026","7.076","7.020","7.098","7.020","0.78%"
"05/14/2026","7.021","7.044","7.060","7.020","-0.34%"
"05/13/2026","7.045","7.047","7.057","7.022","-0.03%"
"05/12/2026","7.047","7.030","7.053","7.030","0.23%"
"05/11/2026","7.031","6.983","7.053","6.983","0.67%"
"05/08/2026","6.984","6.932","6.984","6.932","0.74%"
"05/07/2026","6.933","6.925","6.959","6.915","0.10%"
"05/06/2026","6.926","7.016","7.016","6.865","-1.28%"
"05/05/2026","7.016","7.023","7.055","7.010","-0.10%"
"05/04/2026","7.023","7.018","7.027","6.994","0.07%"
"05/01/2026","7.018","7.018","7.018","7.018","0.00%"
"04/30/2026","7.018","6.994","7.070","6.994","0.33%"
"04/29/2026","6.995","6.980","7.002","6.975","0.21%"
"04/28/2026","6.980","6.942","6.982","6.942","0.53%"
"04/27/2026","6.943","6.951","6.959","6.932","0.14%"
"04/24/2026","6.933","6.950","6.982","6.933","-0.26%"
"04/23/2026","6.951","6.923","6.960","6.923","0.40%"
"04/22/2026","6.923","6.891","6.923","6.891","0.46%"
"04/21/2026","6.891","6.890","6.894","6.868","0.01%"
"04/20/2026","6.890","6.905","6.924","6.890","-0.22%"
"04/17/2026","6.905","6.891","6.925","6.891","0.19%"
"04/16/2026","6.892","6.865","6.901","6.865","0.39%"
"04/15/2026","6.865","6.938","6.938","6.865","-1.05%"
"04/14/2026","6.938","6.938","6.938","6.938","0.00%"
"04/13/2026","6.938","6.913","6.978","6.874","0.35%"
"04/10/2026","6.914","6.957","7.003","6.904","-0.63%"
"04/09/2026","6.958","6.897","6.971","6.897","0.87%"
"04/08/2026","6.898","7.042","7.042","6.898","-2.04%"
"04/07/2026","7.042","7.043","7.073","7.019","-0.01%"
"04/06/2026","7.043","7.129","7.129","7.043","-1.21%"
"04/03/2026","7.129","7.129","7.129","7.129","0.00%"
"04/02/2026","7.129","6.961","7.129","6.959","2.43%"
"04/01/2026","6.960","6.961","6.961","6.960","-0.01%"
"03/31/2026","6.961","6.961","6.961","6.961","0.00%"
"03/30/2026","6.961","6.932","7.011","6.932","0.42%"
"03/27/2026","6.932","6.874","6.962","6.873","0.84%"
"03/26/2026","6.874","6.874","6.874","6.874","0.00%"
"03/25/2026","6.874","6.867","6.879","6.854","0.10%"
"03/24/2026","6.867","6.839","6.872","6.816","0.41%"
"03/23/2026","6.839","6.737","6.887","6.737","1.51%"
"03/20/2026","6.737","6.729","6.773","6.728","0.12%"
"03/19/2026","6.729","6.729","6.729","6.729","0.00%"
"03/18/2026","6.729","6.717","6.739","6.702","0.18%"
"03/17/2026","6.717","6.706","6.721","6.706","0.16%"
"03/16/2026","6.706","6.679","6.719","6.679","0.40%"
"03/13/2026","6.679","6.668","6.698","6.668","0.15%"
"03/12/2026","6.669","6.633","6.680","6.633","0.53%"
"03/11/2026","6.634","6.671","6.693","6.634","-0.55%"
"03/10/2026","6.671","6.722","6.722","6.665","-0.77%"
"03/09/2026","6.723","6.688","6.761","6.688","0.52%"
"03/06/2026","6.688","6.650","6.711","6.644","0.75%"
"03/05/2026","6.638","6.669","6.674","6.636","-0.46%"
"03/04/2026","6.669","6.678","6.730","6.669","-0.16%"
"03/03/2026","6.680","6.678","6.680","6.678","0.00%"
"03/02/2026","6.680","6.661","6.699","6.661","0.29%"
"02/27/2026","6.661","6.689","6.712","6.657","-0.43%"
"02/26/2026","6.690","6.682","6.693","6.672","0.12%"
"02/25/2026","6.682","6.685","6.693","6.667","-0.04%"
"02/24/2026","6.685","6.699","6.708","6.665","-0.21%"
"02/23/2026","6.699","6.725","6.730","6.699","-0.39%"
"02/20/2026","6.725","6.674","6.735","6.674","0.76%"
"02/19/2026","6.674","6.674","6.674","6.674","0.00%"
"02/18/2026","6.674","6.659","6.678","6.659","0.23%"
"02/17/2026","6.659","6.668","6.676","6.636","-0.13%"
"02/16/2026","6.668","6.677","6.685","6.663","-0.13%"
"02/13/2026","6.677","6.685","6.690","6.664","-0.13%"
"02/12/2026","6.686","6.710","6.735","6.680","-0.36%"
"02/11/2026","6.710","6.727","6.738","6.709","-0.25%"
"02/10/2026","6.727","6.761","6.767","6.727","-0.50%"
"02/09/2026","6.761","6.733","6.765","6.733","0.42%"
"02/06/2026","6.733","6.651","6.756","6.651","1.23%"
"02/05/2026","6.651","6.695","6.696","6.638","-0.66%"
"02/04/2026","6.695","6.721","6.730","6.695","-0.39%"
"02/03/2026","6.721","6.769","6.769","6.717","-0.71%"
"02/02/2026","6.769","6.695","6.777","6.695","1.11%"
"01/30/2026","6.695","6.699","6.714","6.687","-0.06%"
"01/29/2026","6.699","6.703","6.723","6.695","-0.06%"
"01/28/2026","6.703","6.719","6.719","6.695","-0.24%"
"01/27/2026","6.719","6.664","6.719","6.664","0.83%"
"01/26/2026","6.664","6.664","6.664","6.664","0.00%"
"01/23/2026","6.664","6.636","6.673","6.636","0.42%"
"01/22/2026","6.636","6.655","6.655","6.633","-0.29%"
"01/21/2026","6.655","6.673","6.676","6.655","-0.27%"
"01/20/2026","6.673","6.684","6.689","6.651","-0.16%"
"01/19/2026","6.684","6.678","6.694","6.675","0.09%"
"01/16/2026","6.678","6.647","6.687","6.647","0.47%"
"01/15/2026","6.647","6.647","6.647","6.647","0.00%"
"01/14/2026","6.647","6.627","6.652","6.627","0.30%"
"01/13/2026","6.627","6.605","6.635","6.580","0.33%"
"01/12/2026","6.605","6.636","6.642","6.594","-0.47%"
"01/09/2026","6.636","6.630","6.648","6.627","0.09%"
"01/08/2026","6.630","6.611","6.630","6.611","0.29%"
"01/07/2026","6.611","6.612","6.635","6.611","-0.02%"
"01/06/2026","6.612","6.633","6.644","6.612","-0.32%"
"01/05/2026","6.633","6.609","6.655","6.609","0.36%"
"01/02/2026","6.609","6.581","6.624","6.578","0.43%"
"01/01/2026","6.581","6.588","6.617","6.581","-0.11%"
"12/31/2025","6.588","6.576","6.604","6.569","0.18%"
"12/30/2025","6.576","6.595","6.602","6.576","-0.29%"
"12/29/2025","6.595","6.560","6.595","6.560","0.53%"
"12/26/2025","6.560","6.538","6.574","6.537","0.34%"
"12/25/2025","6.538","6.538","6.538","6.538","0.00%"
"12/24/2025","6.538","6.637","6.637","6.532","-1.49%"
"12/23/2025","6.637","6.669","6.700","6.637","-0.48%"
"12/22/2025","6.669","6.606","6.673","6.606","0.95%"
"12/19/2025","6.606","6.570","6.611","6.568","0.55%"
"12/18/2025","6.570","6.601","6.603","6.570","-0.47%"
"12/17/2025","6.601","6.573","6.602","6.564","0.43%"
"12/16/2025","6.573","6.594","6.607","6.573","-0.32%"
"12/15/2025","6.594","6.597","6.616","6.585","-0.03%"
"12/12/2025","6.596","6.611","6.611","6.547","-0.23%"
"12/11/2025","6.611","6.663","6.666","6.607","-0.78%"
"12/10/2025","6.663","6.619","6.668","6.600","0.68%"
"12/09/2025","6.618","6.567","6.629","6.560","0.78%"
"12/08/2025","6.567","6.515","6.577","6.509","1.03%"
"12/05/2025","6.500","6.530","6.530","6.489","-0.47%"
"12/04/2025","6.531","6.534","6.558","6.530","0.08%"
"12/03/2025","6.526","6.513","6.547","6.513","0.35%"
"12/02/2025","6.503","6.575","6.578","6.503","-1.10%"
"12/01/2025","6.575","6.547","6.575","6.542","0.72%"
"11/28/2025","6.528","6.513","6.570","6.500","0.23%"
"11/27/2025","6.513","6.492","6.518","6.487","0.42%"
"11/26/2025","6.486","6.496","6.505","6.486","-0.08%"
"11/25/2025","6.491","6.519","6.525","6.490","-0.52%"
"11/24/2025","6.525","6.566","6.566","6.519","-0.53%"
"11/21/2025","6.560","6.536","6.575","6.527","0.37%"
"11/20/2025","6.536","6.535","6.550","6.535","0.06%"
"11/19/2025","6.532","6.522","6.537","6.511","0.14%"
"11/18/2025","6.523","6.542","6.549","6.508","-0.20%"
"11/17/2025","6.536","6.527","6.549","6.527","0.14%"
"11/14/2025","6.527","6.513","6.540","6.513","0.25%"
"11/13/2025","6.511","6.499","6.517","6.490","0.43%"
"11/12/2025","6.483","6.506","6.506","6.476","-0.25%"
"11/11/2025","6.499","6.493","6.506","6.481","0.14%"
"11/10/2025","6.490","6.535","6.535","6.490","-0.48%"
"11/07/2025","6.521","6.518","6.525","6.508","0.11%"
"11/06/2025","6.514","6.533","6.533","6.497","-0.29%"
"11/05/2025","6.533","6.533","6.533","6.533","0.05%"
"11/04/2025","6.530","6.534","6.534","6.512","0.03%"
"11/03/2025","6.528","6.527","6.560","6.527","-0.02%"
"10/31/2025","6.529","6.574","6.600","6.528","-0.67%"
"10/30/2025","6.573","6.539","6.576","6.539","0.55%"
"10/29/2025","6.537","6.537","6.555","6.521","0.06%"
"10/28/2025","6.533","6.548","6.557","6.533","-0.14%"
"10/27/2025","6.542","6.547","6.549","6.538","0.14%"
"10/24/2025","6.533","6.539","6.570","6.530","-0.09%"
"10/23/2025","6.539","6.507","6.540","6.507","0.48%"
"10/22/2025","6.508","6.507","6.508","6.507","0.02%"
"10/21/2025","6.507","6.507","6.507","6.507","-0.02%"
"10/20/2025","6.508","6.510","6.519","6.507","0.03%"
"10/17/2025","6.506","6.504","6.520","6.477","0.05%"
"10/16/2025","6.503","6.492","6.505","6.492","0.29%"
"10/15/2025","6.484","6.504","6.504","6.484","-0.35%"
"10/14/2025","6.507","6.518","6.527","6.506","-0.17%"
"10/13/2025","6.518","6.514","6.519","6.512","-0.20%"
"10/10/2025","6.531","6.523","6.535","6.515","0.15%"
"10/09/2025","6.521","6.503","6.527","6.503","0.26%"
"10/08/2025","6.504","6.504","6.507","6.494","-0.09%"
"10/07/2025","6.510","6.520","6.521","6.506","-0.14%"
"10/06/2025","6.519","6.512","6.522","6.495","0.08%"
"10/03/2025","6.514","6.519","6.523","6.505","-0.08%"
"10/02/2025","6.519","6.519","6.519","6.519","-0.06%"
"10/01/2025","6.523","6.573","6.600","6.519","-0.73%"
"09/30/2025","6.571","6.558","6.574","6.533","0.12%"
"09/29/2025","6.563","6.525","6.576","6.518","0.71%"
"09/26/2025","6.517","6.504","6.524","6.489","0.39%"
"09/25/2025","6.492","6.489","6.497","6.481","0.14%"
"09/24/2025","6.483","6.461","6.488","6.460","0.25%"
"09/23/2025","6.467","6.486","6.502","6.467","-0.22%"
"09/22/2025","6.481","6.485","6.504","6.481","-0.12%"
"09/19/2025","6.489","6.510","6.531","6.485","-0.31%"
"09/18/2025","6.509","6.471","6.513","6.471","0.67%"
"09/17/2025","6.466","6.483","6.483","6.465","-0.37%"
"09/16/2025","6.490","6.494","6.497","6.483","-0.03%"
"09/15/2025","6.492","6.486","6.504","6.486","0.14%"
"09/12/2025","6.483","6.466","6.491","6.451","0.17%"
"09/11/2025","6.472","6.481","6.497","6.465","-0.17%"
"09/10/2025","6.483","6.493","6.519","6.467","-0.05%"
"09/09/2025","6.486","6.461","6.495","6.441","0.36%"
"09/08/2025","6.463","6.477","6.492","6.459","0.03%"
"09/05/2025","6.461","6.477","6.492","6.459","-0.51%"
"09/04/2025","6.494","6.544","6.544","6.490","-0.72%"
"09/03/2025","6.541","6.566","6.567","6.539","-0.43%"
"09/02/2025","6.569","6.585","6.592","6.566","-0.24%"
"09/01/2025","6.585","6.569","6.623","6.569","-0.05%"
"08/29/2025","6.588","6.553","6.615","6.536","0.76%"
"08/28/2025","6.538","6.600","6.620","6.537","-0.94%"
"08/27/2025","6.600","6.600","6.600","6.600","-0.26%"
"08/26/2025","6.617","6.601","6.650","6.593","0.38%"
"08/25/2025","6.592","6.551","6.600","6.543","0.66%"
"08/22/2025","6.549","6.529","6.561","6.529","0.37%"
"08/21/2025","6.525","6.506","6.529","6.501","0.43%"
"08/20/2025","6.497","6.519","6.519","6.490","-0.23%"
"08/19/2025","6.512","6.492","6.547","6.492","0.43%"
"08/18/2025","6.484","6.402","6.502","6.402","1.28%"
"08/15/2025","6.402","6.402","6.402","6.402","-0.03%"
"08/14/2025","6.404","6.486","6.489","6.402","-1.19%"
"08/13/2025","6.481","6.495","6.506","6.458","-0.03%"
"08/12/2025","6.483","6.436","6.494","6.425","0.86%"
"08/11/2025","6.428","6.407","6.449","6.400","0.45%"
"08/08/2025","6.399","6.386","6.418","6.374","0.14%"
"08/07/2025","6.390","6.414","6.414","6.385","-0.27%"
"08/06/2025","6.407","6.328","6.424","6.326","1.31%"
"08/05/2025","6.324","6.314","6.338","6.307","0.17%"
"08/04/2025","6.313","6.346","6.346","6.313","-0.91%"
"08/01/2025","6.371","6.377","6.378","6.367","-0.08%"
"07/31/2025","6.376","6.384","6.384","6.364","0.17%"
"07/30/2025","6.365","6.359","6.379","6.358","-0.06%"
"07/29/2025","6.369","6.374","6.382","6.359","-0.06%"
"07/28/2025","6.373","6.352","6.374","6.348","0.31%"
"07/25/2025","6.353","6.329","6.365","6.327","0.38%"
"07/24/2025","6.329","6.312","6.330","6.312","0.27%"
"07/23/2025","6.312","6.311","6.313","6.307","0.06%"
"07/22/2025","6.308","6.300","6.309","6.294","0.14%"
"07/21/2025","6.299","6.307","6.307","6.296","-0.10%"
"07/18/2025","6.305","6.300","6.309","6.296","0.05%"
"07/17/2025","6.302","6.313","6.313","6.298","-0.17%"
"07/16/2025","6.313","6.312","6.317","6.312","0.00%"
"07/15/2025","6.313","6.319","6.323","6.310","0.03%"
"07/14/2025","6.311","6.302","6.319","6.302","0.11%"
"07/11/2025","6.304","6.318","6.334","6.301","-0.22%"
"07/10/2025","6.318","6.316","6.321","6.309","0.06%"
"07/09/2025","6.314","6.315","6.316","6.309","0.13%"
"07/08/2025","6.306","6.295","6.307","6.293","0.19%"
"07/07/2025","6.294","6.295","6.297","6.287","0.06%"
"07/04/2025","6.290","6.287","6.304","6.287","0.16%"
"07/03/2025","6.280","6.290","6.300","6.283","0.00%"
"07/02/2025","6.280","6.292","6.299","6.286","-0.16%"
"07/01/2025","6.290","6.324","6.324","6.290","-0.32%"
"06/30/2025","6.310","6.322","6.329","6.314","0.00%"
"06/27/2025","6.310","6.279","6.317","6.279","0.64%"
"06/26/2025","6.270","6.280","6.291","6.265","-0.16%"
"06/25/2025","6.280","6.261","6.290","6.248","0.64%"
"06/24/2025","6.240","6.305","6.305","6.247","-0.95%"
"06/23/2025","6.300","6.309","6.330","6.303","-0.16%"
"06/20/2025","6.310","6.310","6.319","6.296","0.16%"
"06/19/2025","6.300","6.259","6.317","6.259","0.80%"
"06/18/2025","6.250","6.273","6.273","6.256","0.00%"
"06/17/2025","6.250","6.270","6.273","6.253","-0.16%"
"06/16/2025","6.260","6.299","6.307","6.270","-0.48%"
"06/13/2025","6.290","6.327","6.327","6.299","0.16%"
"06/12/2025","6.280","6.304","6.304","6.277","-0.16%"
"06/11/2025","6.290","6.287","6.303","6.273","0.16%"
"06/10/2025","6.280","6.280","6.302","6.265","0.16%"
"06/09/2025","6.270","6.241","6.286","6.241","0.64%"
"06/06/2025","6.230","6.196","6.241","6.130","0.81%"
"06/05/2025","6.180","6.211","6.211","6.191","-0.48%"
"06/04/2025","6.210","6.206","6.214","6.203","0.16%"
"06/03/2025","6.200","6.218","6.226","6.202","-0.32%"
"06/02/2025","6.220","6.226","6.236","6.208","0.32%"
"05/30/2025","6.200","6.184","6.227","6.176","0.32%"
"05/29/2025","6.180","6.170","6.186","6.164","0.32%"
"05/28/2025","6.160","6.206","6.208","6.170","-0.65%"
"05/27/2025","6.200","6.209","6.209","6.202","0.00%"
"05/26/2025","6.200","6.214","6.225","6.203","-0.16%"
"05/23/2025","6.210","6.237","6.237","6.211","0.00%"
"05/22/2025","6.210","6.208","6.237","6.199","0.32%"
"05/21/2025","6.190","6.224","6.238","6.199","-0.48%"
"05/20/2025","6.220","6.240","6.240","6.223","-0.16%"
"05/19/2025","6.230","6.227","6.240","6.221","0.16%"
"05/16/2025","6.220","6.233","6.233","6.217","0.00%"
"05/15/2025","6.220","6.242","6.269","6.229","-0.18%"
"05/14/2025","6.231","6.259","6.271","6.228","-0.18%"
"05/13/2025","6.242","6.293","6.293","6.238","-0.68%"
"05/12/2025","6.285","6.296","6.301","6.278","-1.44%"
"05/08/2025","6.377","6.440","6.440","6.372","-0.28%"
"05/07/2025","6.395","6.337","6.404","6.310","0.92%"
"05/06/2025","6.337","6.367","6.367","6.330","-0.20%"
"05/05/2025","6.350","6.336","6.356","6.323","0.43%"
"05/04/2025","6.323","6.389","6.389","6.320","-0.52%"
"05/01/2025","6.356","6.375","6.375","6.345","-0.03%"
"04/29/2025","6.358","6.363","6.367","6.336","0.25%"
"04/28/2025","6.342","6.360","6.368","6.324","-0.28%"
"04/25/2025","6.360","6.331","6.375","6.324","0.63%"
"04/24/2025","6.320","6.328","6.359","6.316","-0.16%"
"04/23/2025","6.330","6.362","6.362","6.297","0.16%"
"04/22/2025","6.320","6.348","6.348","6.320","0.00%"
"04/21/2025","6.320","6.383","6.383","6.317","-0.78%"
"04/17/2025","6.370","6.391","6.392","6.370","-0.31%"
"04/16/2025","6.390","6.416","6.417","6.389","-0.31%"
"04/15/2025","6.410","6.407","6.423","6.407","-0.47%"
"04/11/2025","6.440","6.453","6.453","6.423","0.00%"
"04/09/2025","6.440","6.503","6.525","6.432","-0.46%"
"04/08/2025","6.470","6.501","6.501","6.470","-0.15%"
"04/07/2025","6.480","6.469","6.492","6.461","0.31%"
"04/04/2025","6.460","6.497","6.497","6.464","-0.62%"
"04/03/2025","6.500","6.469","6.501","6.461","0.31%"
"04/02/2025","6.480","6.545","6.545","6.482","-1.52%"
"03/28/2025","6.580","6.598","6.608","6.577","-0.15%"
"03/27/2025","6.590","6.618","6.618","6.582","-0.15%"
"03/26/2025","6.600","6.643","6.643","6.598","-0.45%"
"03/25/2025","6.630","6.646","6.646","6.621","0.15%"
"03/24/2025","6.620","6.643","6.643","6.626","0.00%"
"03/21/2025","6.620","6.645","6.645","6.617","-0.30%"
"03/20/2025","6.640","6.655","6.658","6.629","-0.30%"
"03/19/2025","6.660","6.659","6.665","6.656","-0.15%"
"03/18/2025","6.670","6.698","6.698","6.669","-0.30%"
"03/17/2025","6.690","6.702","6.702","6.687","0.00%"
"03/13/2025","6.690","6.696","6.698","6.680","0.15%"
"03/12/2025","6.680","6.703","6.703","6.678","-0.15%"
"03/11/2025","6.690","6.717","6.717","6.687","-0.15%"
"03/10/2025","6.700","6.714","6.714","6.687","0.30%"
"03/07/2025","6.680","6.682","6.690","6.682","0.00%"
"03/06/2025","6.680","6.686","6.694","6.680","-0.45%"
"03/05/2025","6.710","6.757","6.757","6.709","-0.45%"
"03/04/2025","6.740","6.736","6.745","6.721","0.15%"
"03/03/2025","6.730","6.789","6.789","6.729","0.15%"
"02/28/2025","6.720","6.709","6.731","6.706","0.15%"
"02/27/2025","6.710","6.700","6.712","6.699","0.06%"
"02/25/2025","6.706","6.699","6.709","6.695","0.09%"
"02/24/2025","6.700","6.696","6.707","6.693","-0.12%"
"02/21/2025","6.708","6.703","6.714","6.701","0.07%"
"02/20/2025","6.703","6.682","6.705","6.680","0.31%"
"02/18/2025","6.682","6.700","6.700","6.680","-0.15%"
"02/17/2025","6.692","6.694","6.694","6.687","-0.19%"
"02/14/2025","6.705","6.709","6.710","6.699","-0.10%"
"02/13/2025","6.712","6.723","6.723","6.699","0.22%"
"02/12/2025","6.697","6.710","6.710","6.693","0.00%"
"02/11/2025","6.697","6.688","6.699","6.685","-0.24%"
"02/10/2025","6.713","6.717","6.728","6.709","0.21%"
"02/07/2025","6.699","6.668","6.710","6.652","0.63%"
"02/06/2025","6.657","6.649","6.659","6.649","-0.11%"
"02/05/2025","6.664","6.674","6.674","6.653","-0.12%"
"02/04/2025","6.672","6.680","6.680","6.666","0.03%"
"02/03/2025","6.670","6.703","6.709","6.659","-0.36%"
"01/31/2025","6.694","6.696","6.700","6.680","0.24%"
"01/30/2025","6.678","6.701","6.701","6.675","-0.07%"
"01/29/2025","6.683","6.700","6.702","6.673","0.03%"
"01/28/2025","6.681","6.646","6.690","6.631","0.09%"
"01/27/2025","6.675","6.672","6.681","6.666","-0.67%"
"01/24/2025","6.720","6.717","6.726","6.709","-0.24%"
"01/23/2025","6.736","6.738","6.738","6.718","0.25%"
"01/22/2025","6.719","6.745","6.745","6.716","-0.22%"
"01/21/2025","6.734","6.754","6.754","6.729","-0.43%"
"01/20/2025","6.763","6.780","6.780","6.758","-0.16%"
"01/17/2025","6.774","6.745","6.780","6.743","0.30%"
"01/16/2025","6.754","6.788","6.788","6.749","-0.87%"
"01/15/2025","6.813","6.838","6.838","6.804","-0.23%"
"01/14/2025","6.829","6.852","6.869","6.821","-0.20%"
"01/13/2025","6.843","6.795","6.852","6.792","1.09%"
"01/10/2025","6.769","6.773","6.773","6.757","0.07%"
"01/09/2025","6.764","6.773","6.782","6.762","-0.04%"
"01/08/2025","6.767","6.760","6.770","6.739","0.31%"
"01/07/2025","6.746","6.755","6.757","6.731","-0.25%"
"01/06/2025","6.763","6.788","6.790","6.750","-0.24%"
"01/03/2025","6.779","6.800","6.800","6.778","-0.12%"
"01/02/2025","6.787","6.801","6.801","6.782","0.12%"
"01/01/2025","6.779","6.774","6.782","6.773","0.30%"
"12/31/2024","6.759","6.767","6.767","6.758","-0.24%"
"12/30/2024","6.775","6.785","6.789","6.772","-0.18%"
"12/27/2024","6.787","6.781","6.807","6.776","0.04%"
"12/26/2024","6.784","6.781","6.785","6.777","0.12%"
"12/24/2024","6.776","6.789","6.789","6.773","0.00%"
"12/23/2024","6.776","6.785","6.785","6.771","-0.22%"
"12/20/2024","6.791","6.799","6.799","6.784","0.06%"
"12/19/2024","6.787","6.787","6.794","6.775","0.53%"
"12/18/2024","6.751","6.760","6.760","6.747","-0.12%"
"12/17/2024","6.759","6.753","6.761","6.745","0.27%"
"12/16/2024","6.741","6.734","6.744","6.727","0.18%"
"12/13/2024","6.729","6.783","6.783","6.725","-0.10%"
"12/12/2024","6.736","6.728","6.741","6.726","0.27%"
"12/11/2024","6.718","6.711","6.721","6.706","0.19%"
"12/10/2024","6.705","6.715","6.715","6.692","-0.18%"
"12/09/2024","6.717","6.753","6.753","6.715","-0.34%"
"12/06/2024","6.740","6.687","6.751","6.668","0.90%"
"12/05/2024","6.680","6.696","6.696","6.677","-0.09%"
"12/04/2024","6.686","6.725","6.725","6.680","-0.42%"
"12/03/2024","6.714","6.760","6.760","6.710","0.06%"
"12/02/2024","6.710","6.802","6.802","6.707","-0.61%"
"11/29/2024","6.751","6.807","6.807","6.739","-0.79%"
"11/28/2024","6.805","6.825","6.825","6.799","-0.10%"
"11/27/2024","6.812","6.828","6.828","6.811","-0.22%"
"11/26/2024","6.827","6.839","6.839","6.809","0.07%"
"11/25/2024","6.822","6.841","6.841","6.817","-0.41%"
"11/22/2024","6.850","6.852","6.863","6.842","0.28%"
"11/21/2024","6.831","6.822","6.836","6.817","0.29%"
"11/19/2024","6.811","6.818","6.818","6.806","-0.15%"
"11/18/2024","6.821","6.842","6.842","6.817","-0.09%"
"11/14/2024","6.827","6.822","6.831","6.813","0.34%"
"11/13/2024","6.804","6.809","6.812","6.800","0.13%"
"11/12/2024","6.795","6.793","6.807","6.786","0.15%"
"11/11/2024","6.785","6.786","6.790","6.778","0.16%"
"11/08/2024","6.774","6.781","6.787","6.767","-0.32%"
"11/07/2024","6.796","6.794","6.800","6.785","-0.03%"
"11/06/2024","6.798","6.838","6.838","6.783","-0.01%"
"11/05/2024","6.799","6.802","6.805","6.793","0.03%"
"11/04/2024","6.797","6.831","6.831","6.795","-0.64%"
"10/31/2024","6.841","6.841","6.847","6.832","0.21%"
"10/30/2024","6.827","6.849","6.849","6.826","-0.29%"
"10/29/2024","6.847","6.875","6.875","6.837","-0.20%"
"10/28/2024","6.861","6.875","6.875","6.856","0.23%"
"10/25/2024","6.845","6.836","6.849","6.818","0.34%"
"10/24/2024","6.822","6.843","6.843","6.808","0.06%"
"10/23/2024","6.818","6.831","6.833","6.811","-0.20%"
"10/22/2024","6.832","6.859","6.859","6.818","-0.07%"
"10/21/2024","6.837","6.831","6.842","6.804","0.41%"
"10/18/2024","6.809","6.794","6.821","6.789","0.37%"
"10/17/2024","6.784","6.775","6.787","6.770","0.16%"
"10/16/2024","6.773","6.762","6.775","6.758","0.06%"
"10/15/2024","6.769","6.794","6.794","6.765","-0.19%"
"10/14/2024","6.782","6.788","6.788","6.767","-0.09%"
"10/11/2024","6.788","6.770","6.798","6.767","0.18%"
"10/10/2024","6.776","6.805","6.805","6.750","0.15%"
"10/09/2024","6.766","6.818","6.818","6.741","-0.59%"
"10/08/2024","6.806","6.845","6.845","6.802","-0.58%"
"10/07/2024","6.846","6.846","6.853","6.813","0.25%"
"10/04/2024","6.829","6.793","6.838","6.792","0.77%"
"10/03/2024","6.777","6.751","6.779","6.744","0.67%"
"10/01/2024","6.732","6.759","6.759","6.730","-0.27%"
"09/30/2024","6.750","6.760","6.760","6.744","-0.13%"
"09/27/2024","6.759","6.747","6.767","6.723","0.61%"
"09/26/2024","6.718","6.740","6.740","6.706","-0.30%"
"09/25/2024","6.738","6.753","6.753","6.735","-0.34%"
"09/24/2024","6.761","6.768","6.770","6.754","-0.09%"
"09/23/2024","6.767","6.775","6.775","6.759","0.09%"
"09/20/2024","6.761","6.768","6.769","6.747","0.04%"
"09/19/2024","6.758","6.793","6.793","6.736","-0.31%"
"09/17/2024","6.779","6.775","6.781","6.753","0.25%"
"09/16/2024","6.762","6.797","6.797","6.759","-0.44%"
"09/13/2024","6.792","6.819","6.819","6.784","-0.28%"
"09/12/2024","6.811","6.835","6.835","6.806","-0.28%"
"09/11/2024","6.830","6.840","6.841","6.827","-0.31%"
"09/10/2024","6.851","6.855","6.855","6.850","-0.04%"
"09/09/2024","6.854","6.861","6.861","6.852","0.00%"
"09/06/2024","6.854","6.852","6.855","6.846","-0.01%"
"09/05/2024","6.855","6.853","6.856","6.851","-0.06%"
"09/04/2024","6.859","6.861","6.863","6.857","-0.16%"
"09/03/2024","6.870","6.885","6.885","6.869","-0.09%"
"09/02/2024","6.876","6.877","6.878","6.865","0.19%"
"08/30/2024","6.863","6.872","6.872","6.862","-0.01%"
"08/29/2024","6.864","6.870","6.870","6.862","0.04%"
"08/28/2024","6.861","6.858","6.866","6.856","0.00%"
"08/27/2024","6.861","6.863","6.863","6.854","0.15%"
"08/26/2024","6.851","6.854","6.854","6.848","-0.12%"
"08/23/2024","6.859","6.855","6.862","6.849","0.10%"
"08/22/2024","6.852","6.861","6.861","6.843","-0.01%"
"08/21/2024","6.853","6.849","6.859","6.846","-0.04%"
"08/20/2024","6.856","6.874","6.874","6.850","-0.12%"
"08/19/2024","6.864","6.871","6.871","6.860","-0.04%"
"08/16/2024","6.867","6.880","6.880","6.864","0.13%"
"08/14/2024","6.858","6.871","6.874","6.857","-0.32%"
"08/13/2024","6.880","6.869","6.887","6.869","0.01%"
"08/12/2024","6.879","6.881","6.881","6.870","-0.01%"
"08/09/2024","6.880","6.887","6.889","6.878","0.04%"
"08/08/2024","6.877","6.862","6.885","6.859","0.22%"
"08/07/2024","6.862","6.885","6.885","6.859","-0.15%"
"08/06/2024","6.872","6.870","6.880","6.867","0.17%"
"08/05/2024","6.860","6.862","6.865","6.844","-0.58%"
"08/02/2024","6.900","6.909","6.909","6.894","-0.23%"
"08/01/2024","6.916","6.912","6.919","6.909","-0.12%"
"07/31/2024","6.924","6.932","6.939","6.918","-0.10%"
"07/30/2024","6.931","6.926","6.934","6.910","0.17%"
"07/29/2024","6.919","6.942","6.942","6.913","-0.30%"
"07/26/2024","6.940","6.962","6.962","6.927","-0.17%"
"07/25/2024","6.952","6.974","6.974","6.952","-0.17%"
"07/24/2024","6.964","6.977","6.977","6.960","-0.09%"
"07/23/2024","6.970","6.972","6.987","6.952","0.04%"
"07/22/2024","6.967","6.982","6.982","6.966","0.03%"
"07/19/2024","6.965","6.976","6.976","6.962","-0.01%"
"07/18/2024","6.966","6.970","6.970","6.959","0.00%"
"07/16/2024","6.966","6.977","6.977","6.963","-0.21%"
"07/15/2024","6.981","7.005","7.005","6.977","-0.07%"
"07/12/2024","6.986","6.975","6.988","6.972","0.06%"
"07/11/2024","6.982","6.982","6.982","6.982","0.09%"
"07/10/2024","6.976","6.995","6.995","6.975","-0.19%"
"07/09/2024","6.989","7.006","7.006","6.983","0.00%"
"07/08/2024","6.989","6.989","6.991","6.983","-0.06%"
"07/05/2024","6.993","7.016","7.016","6.987","-0.07%"
"07/04/2024","6.998","6.992","7.001","6.989","-0.04%"
"07/03/2024","7.001","7.009","7.009","6.999","-0.11%"
"07/02/2024","7.009","7.009","7.009","7.009","-0.06%"
"07/01/2024","7.013","7.023","7.024","7.010","0.07%"
"06/28/2024","7.008","6.998","7.020","6.992","0.11%"
"06/27/2024","7.000","7.006","7.009","6.987","0.04%"
"06/26/2024","6.997","6.998","7.001","6.984","0.20%"
"06/25/2024","6.983","6.972","6.989","6.969","0.17%"
"06/24/2024","6.971","6.979","6.979","6.954","-0.03%"
"06/21/2024","6.973","6.984","6.984","6.972","-0.04%"
"06/20/2024","6.976","6.984","6.984","6.970","0.03%"
"06/19/2024","6.974","6.981","6.981","6.964","-0.10%"
"06/18/2024","6.981","6.998","6.998","6.981","-0.04%"
"06/14/2024","6.984","6.980","6.991","6.975","-0.03%"
"06/13/2024","6.986","7.003","7.003","6.985","-0.37%"
"06/12/2024","7.012","7.012","7.015","7.007","-0.03%"
"06/11/2024","7.014","7.055","7.055","7.012","-0.26%"
"06/10/2024","7.032","7.048","7.048","7.027","0.20%"
"06/07/2024","7.018","7.020","7.036","7.005","0.04%"
"06/06/2024","7.015","7.020","7.023","7.013","-0.16%"
"06/05/2024","7.026","7.034","7.054","7.023","-0.10%"
"06/04/2024","7.033","6.955","7.062","6.951","1.24%"
"06/03/2024","6.947","6.955","6.963","6.945","-0.56%"
"05/31/2024","6.986","6.991","6.994","6.980","-0.24%"
"05/30/2024","7.003","7.022","7.022","6.995","-0.07%"
"05/29/2024","7.008","7.020","7.020","6.987","0.19%"
"05/28/2024","6.995","6.981","6.998","6.971","0.20%"
"05/27/2024","6.981","7.016","7.016","6.967","-0.24%"
"05/24/2024","6.998","6.997","7.001","6.985","0.01%"
"05/22/2024","6.997","7.053","7.053","6.993","-1.14%"
"05/21/2024","7.078","7.101","7.101","7.069","-0.24%"
"05/17/2024","7.095","7.084","7.099","7.080","0.27%"
"05/16/2024","7.076","7.058","7.082","7.055","-0.14%"
"05/15/2024","7.086","7.103","7.103","7.082","-0.32%"
"05/14/2024","7.109","7.123","7.123","7.105","-0.10%"
"05/13/2024","7.116","7.134","7.134","7.114","-0.15%"
"05/10/2024","7.127","7.124","7.129","7.111","-0.11%"
"05/09/2024","7.135","7.148","7.148","7.125","-0.04%"
"05/08/2024","7.138","7.138","7.144","7.130","0.13%"
"05/07/2024","7.129","7.115","7.135","7.109","0.30%"
"05/06/2024","7.108","7.132","7.132","7.106","-0.57%"
"05/03/2024","7.149","7.160","7.163","7.147","-0.18%"
"05/02/2024","7.162","7.170","7.173","7.159","-0.46%"
"04/30/2024","7.195","7.199","7.205","7.185","-0.01%"
"04/29/2024","7.196","7.185","7.203","7.176","-0.04%"
"04/26/2024","7.199","7.238","7.238","7.188","-0.07%"
"04/25/2024","7.204","7.193","7.206","7.188","0.25%"
"04/24/2024","7.186","7.175","7.190","7.160","0.27%"
"04/23/2024","7.167","7.184","7.184","7.163","-0.35%"
"04/22/2024","7.192","7.241","7.242","7.188","-0.46%"
"04/19/2024","7.225","7.206","7.233","7.197","0.63%"
"04/18/2024","7.180","7.170","7.187","7.155","-0.18%"
"04/16/2024","7.193","7.193","7.200","7.185","0.25%"
"04/15/2024","7.175","7.193","7.193","7.160","-0.06%"
"04/12/2024","7.179","7.178","7.187","7.169","0.89%"
"04/10/2024","7.116","7.133","7.133","7.113","-0.53%"
"04/08/2024","7.154","7.141","7.162","7.135","0.52%"
"04/05/2024","7.117","7.088","7.121","7.088","0.32%"
"04/04/2024","7.094","7.119","7.119","7.090","-0.14%"
"04/03/2024","7.104","7.118","7.118","7.100","-0.06%"
"04/02/2024","7.108","7.085","7.116","7.075","0.79%"
"03/28/2024","7.052","7.031","7.055","7.031","-0.28%"
"03/27/2024","7.072","7.097","7.097","7.067","-0.24%"
"03/26/2024","7.089","7.091","7.100","7.079","0.03%"
"03/22/2024","7.087","7.062","7.096","7.055","0.52%"
"03/21/2024","7.050","7.080","7.080","7.048","-0.66%"
"03/20/2024","7.097","7.101","7.103","7.089","0.03%"
"03/19/2024","7.095","7.096","7.100","7.081","0.11%"
"03/18/2024","7.087","7.080","7.088","7.075","0.35%"
"03/15/2024","7.062","7.060","7.064","7.051","0.30%"
"03/14/2024","7.041","7.046","7.048","7.038","0.03%"
"03/13/2024","7.039","7.043","7.043","7.030","0.19%"
"03/12/2024","7.026","7.025","7.029","7.015","0.17%"
"03/11/2024","7.014","7.025","7.025","7.006","-0.24%"
"03/07/2024","7.031","7.054","7.054","7.026","-0.33%"
"03/06/2024","7.054","7.053","7.057","7.048","-0.04%"
"03/05/2024","7.057","7.066","7.066","7.053","-0.04%"
"03/04/2024","7.060","7.051","7.062","7.047","0.00%"
"03/01/2024","7.060","7.062","7.082","7.057","-0.25%"
"02/29/2024","7.078","7.059","7.082","7.057","0.18%"
"02/28/2024","7.065","7.076","7.076","7.060","-0.04%"
"02/27/2024","7.068","7.074","7.074","7.061","0.07%"
"02/26/2024","7.063","7.055","7.066","7.046","-0.20%"
"02/23/2024","7.077","7.074","7.081","7.062","0.21%"
"02/22/2024","7.062","7.062","7.076","7.045","0.24%"
"02/21/2024","7.045","7.065","7.065","7.038","-0.24%"
"02/20/2024","7.062","7.118","7.118","7.060","-0.52%"
"02/16/2024","7.099","7.097","7.103","7.075","0.20%"
"02/15/2024","7.085","7.104","7.104","7.079","-0.41%"
"02/14/2024","7.114","7.136","7.140","7.110","0.24%"
"02/13/2024","7.097","7.105","7.109","7.096","0.00%"
"02/12/2024","7.097","7.120","7.120","7.090","-0.24%"
"02/09/2024","7.114","7.091","7.118","7.075","0.45%"
"02/08/2024","7.082","7.073","7.092","7.048","0.11%"
"02/07/2024","7.074","7.075","7.078","7.064","-0.25%"
"02/06/2024","7.092","7.096","7.096","7.070","0.01%"
"02/05/2024","7.091","7.092","7.096","7.071","0.58%"
"02/02/2024","7.050","7.054","7.058","7.021","-0.20%"
"02/01/2024","7.064","7.129","7.135","7.039","-1.12%"
"01/31/2024","7.144","7.152","7.152","7.139","-0.15%"
"01/30/2024","7.155","7.164","7.164","7.147","-0.22%"
"01/29/2024","7.171","7.182","7.182","7.165","0.00%"
"01/25/2024","7.171","7.195","7.195","7.169","-0.14%"
"01/24/2024","7.181","7.186","7.186","7.170","0.10%"
"01/23/2024","7.174","7.172","7.177","7.166","-0.14%"
"01/19/2024","7.184","7.194","7.196","7.177","0.08%"
"01/18/2024","7.178","7.177","7.180","7.169","0.21%"
"01/17/2024","7.163","7.161","7.165","7.151","0.24%"
"01/16/2024","7.146","7.161","7.161","7.140","-0.03%"
"01/15/2024","7.148","7.153","7.153","7.134","-0.42%"
"01/12/2024","7.178","7.168","7.181","7.158","0.18%"
"01/11/2024","7.165","7.192","7.192","7.162","-0.18%"
"01/10/2024","7.178","7.192","7.192","7.176","-0.15%"
"01/09/2024","7.189","7.183","7.197","7.182","-0.19%"
"01/08/2024","7.203","7.233","7.233","7.201","-0.44%"
"01/05/2024","7.235","7.237","7.239","7.225","0.21%"
"01/04/2024","7.220","7.214","7.224","7.208","0.06%"
"01/03/2024","7.216","7.215","7.222","7.197","0.14%"
"01/02/2024","7.206","7.215","7.215","7.204","0.14%"
"01/01/2024","7.196","7.207","7.207","7.192","0.28%"
"12/29/2023","7.176","7.225","7.225","7.172","-0.43%"
"12/28/2023","7.207","7.200","7.213","7.191","0.03%"
"12/27/2023","7.205","7.191","7.208","7.182","0.31%"
"12/26/2023","7.183","7.213","7.213","7.177","-0.07%"
"12/22/2023","7.188","7.187","7.198","7.185","0.06%"
"12/21/2023","7.184","7.173","7.188","7.151","0.18%"
"12/20/2023","7.171","7.184","7.184","7.165","0.00%"
"12/19/2023","7.171","7.185","7.185","7.153","0.25%"
"12/18/2023","7.153","7.171","7.179","7.147","-0.14%"
"12/15/2023","7.163","7.204","7.206","7.155","-0.43%"
"12/14/2023","7.194","7.222","7.224","7.185","-0.90%"
"12/13/2023","7.259","7.262","7.269","7.257","-0.22%"
"12/12/2023","7.275","7.279","7.280","7.267","-0.08%"
"12/11/2023","7.281","7.287","7.287","7.273","0.21%"
"12/08/2023","7.266","7.249","7.271","7.226","0.41%"
"12/07/2023","7.236","7.248","7.248","7.233","-0.17%"
"12/06/2023","7.248","7.251","7.254","7.243","-0.19%"
"12/05/2023","7.262","7.275","7.275","7.256","-0.12%"
"12/04/2023","7.271","7.264","7.276","7.262","-0.26%"
"12/01/2023","7.290","7.293","7.298","7.279","0.15%"
"11/30/2023","7.279","7.250","7.287","7.248","0.37%"
"11/29/2023","7.252","7.258","7.258","7.237","-0.29%"
"11/28/2023","7.273","7.258","7.277","7.253","0.01%"
"11/24/2023","7.272","7.278","7.291","7.266","0.26%"
"11/23/2023","7.253","7.258","7.263","7.246","0.08%"
"11/22/2023","7.247","7.277","7.277","7.245","-0.30%"
"11/21/2023","7.269","7.247","7.272","7.237","0.23%"
"11/20/2023","7.252","7.230","7.257","7.224","0.55%"
"11/17/2023","7.212","7.226","7.230","7.194","-0.28%"
"11/16/2023","7.232","7.236","7.236","7.220","0.10%"
"11/15/2023","7.225","7.262","7.262","7.220","-0.80%"
"11/13/2023","7.283","7.316","7.316","7.281","-0.23%"
"11/10/2023","7.300","7.293","7.305","7.288","0.43%"
"11/09/2023","7.269","7.256","7.276","7.246","0.04%"
"11/08/2023","7.266","7.273","7.281","7.255","-0.19%"
"11/07/2023","7.280","7.318","7.318","7.277","-0.34%"
"11/06/2023","7.305","7.301","7.307","7.294","-0.16%"
"11/03/2023","7.317","7.324","7.324","7.309","-0.07%"
"11/02/2023","7.322","7.323","7.335","7.318","-0.49%"
"11/01/2023","7.358","7.376","7.376","7.352","0.10%"
"10/31/2023","7.351","7.365","7.366","7.346","-0.24%"
"10/30/2023","7.369","7.359","7.372","7.354","0.24%"
"10/27/2023","7.351","7.359","7.359","7.341","-0.20%"
"10/26/2023","7.366","7.377","7.377","7.360","0.31%"
"10/25/2023","7.343","7.343","7.349","7.333","-0.53%"
"10/23/2023","7.382","7.377","7.391","7.360","0.23%"
"10/20/2023","7.365","7.373","7.377","7.349","-0.05%"
"10/19/2023","7.369","7.381","7.381","7.365","0.22%"
"10/18/2023","7.353","7.352","7.360","7.341","0.34%"
"10/17/2023","7.328","7.349","7.349","7.309","-0.07%"
"10/16/2023","7.333","7.344","7.344","7.325","0.18%"
"10/13/2023","7.320","7.322","7.337","7.305","0.25%"
"10/12/2023","7.302","7.308","7.314","7.292","-0.07%"
"10/11/2023","7.307","7.337","7.337","7.301","-0.60%"
"10/10/2023","7.351","7.359","7.372","7.344","-0.47%"
"10/09/2023","7.386","7.366","7.395","7.340","0.64%"
"10/06/2023","7.339","7.221","7.365","7.218","1.73%"
"10/05/2023","7.214","7.214","7.226","7.205","-0.33%"
"10/04/2023","7.238","7.257","7.261","7.236","0.04%"
"10/03/2023","7.235","7.239","7.240","7.210","0.35%"
"09/29/2023","7.210","7.241","7.241","7.188","-0.39%"
"09/28/2023","7.238","7.214","7.241","7.148","0.91%"
"09/27/2023","7.173","7.173","7.173","7.173","0.38%"
"09/26/2023","7.146","7.178","7.180","7.144","-0.06%"
"09/25/2023","7.150","7.186","7.186","7.124","0.00%"
"09/22/2023","7.150","7.110","7.164","7.086","0.20%"
"09/21/2023","7.136","7.207","7.207","7.129","-0.24%"
"09/20/2023","7.153","7.171","7.171","7.143","0.06%"
"09/18/2023","7.149","7.193","7.193","7.139","-0.13%"
"09/15/2023","7.158","7.117","7.166","7.105","0.80%"
"09/14/2023","7.101","7.157","7.157","7.096","-0.99%"
"09/13/2023","7.172","7.190","7.190","7.171","-0.43%"
"09/12/2023","7.203","7.222","7.222","7.194","-0.08%"
"09/11/2023","7.209","7.188","7.214","7.183","0.14%"
"09/08/2023","7.199","7.183","7.207","7.165","0.36%"
"09/07/2023","7.173","7.229","7.229","7.158","-0.51%"
"09/06/2023","7.210","7.217","7.232","7.209","0.06%"
"09/05/2023","7.206","7.210","7.211","7.195","0.03%"
"09/04/2023","7.204","7.192","7.206","7.186","0.40%"
"09/01/2023","7.175","7.174","7.184","7.163","0.13%"
"08/31/2023","7.166","7.177","7.186","7.164","-0.26%"
"08/30/2023","7.185","7.153","7.192","7.153","0.07%"
"08/29/2023","7.180","7.178","7.189","7.159","0.03%"
"08/28/2023","7.178","7.212","7.212","7.166","-0.39%"
"08/25/2023","7.206","7.241","7.241","7.198","0.18%"
"08/24/2023","7.193","7.178","7.197","7.175","-0.01%"
"08/23/2023","7.194","7.222","7.222","7.193","-0.33%"
"08/22/2023","7.218","7.244","7.244","7.211","-0.03%"
"08/21/2023","7.220","7.233","7.233","7.210","0.08%"
"08/18/2023","7.214","7.240","7.241","7.209","-0.50%"
"08/17/2023","7.250","7.252","7.256","7.243","0.57%"
"08/14/2023","7.209","7.226","7.226","7.205","0.15%"
"08/11/2023","7.198","7.179","7.202","7.179","0.62%"
"08/10/2023","7.154","7.193","7.193","7.152","-0.33%"
"08/09/2023","7.178","7.171","7.181","7.161","0.14%"
"08/08/2023","7.168","7.186","7.191","7.163","-0.40%"
"08/07/2023","7.197","7.170","7.200","7.156","0.06%"
"08/04/2023","7.193","7.201","7.219","7.190","-0.01%"
"08/03/2023","7.194","7.178","7.214","7.173","0.56%"
"08/02/2023","7.154","7.185","7.185","7.152","-0.03%"
"08/01/2023","7.156","7.186","7.186","7.147","-0.22%"
"07/31/2023","7.172","7.179","7.185","7.162","0.15%"
"07/28/2023","7.161","7.154","7.179","7.148","0.58%"
"07/27/2023","7.120","7.089","7.122","7.078","0.34%"
"07/26/2023","7.096","7.106","7.106","7.089","-0.06%"
"07/25/2023","7.100","7.091","7.105","7.088","0.41%"
"07/24/2023","7.071","7.082","7.087","7.066","-0.23%"
"07/21/2023","7.087","7.099","7.107","7.076","0.06%"
"07/20/2023","7.083","7.081","7.088","7.074","0.16%"
"07/19/2023","7.072","7.062","7.076","7.054","0.20%"
"07/18/2023","7.058","7.084","7.084","7.047","-0.23%"
"07/17/2023","7.074","7.110","7.110","7.071","-0.21%"
"07/14/2023","7.089","7.060","7.095","7.060","0.25%"
"07/13/2023","7.071","7.099","7.099","7.064","-0.66%"
"07/12/2023","7.118","7.091","7.122","7.087","0.32%"
"07/11/2023","7.095","7.120","7.123","7.088","-0.76%"
"07/10/2023","7.149","7.168","7.168","7.138","-0.14%"
"07/07/2023","7.159","7.171","7.175","7.144","0.17%"
"07/06/2023","7.147","7.132","7.151","7.130","0.59%"
"07/05/2023","7.105","7.122","7.122","7.102","-0.20%"
"07/04/2023","7.119","7.127","7.127","7.108","0.03%"
"07/03/2023","7.117","7.113","7.122","7.100","0.10%"
"06/30/2023","7.110","7.091","7.117","7.084","0.77%"
"06/28/2023","7.056","7.065","7.071","7.047","-0.10%"
"06/27/2023","7.063","7.091","7.091","7.057","-0.04%"
"06/26/2023","7.066","7.077","7.085","7.063","-0.11%"
"06/23/2023","7.074","7.095","7.098","7.063","-0.17%"
"06/22/2023","7.086","7.063","7.093","7.058","0.27%"
"06/21/2023","7.067","7.063","7.071","7.049","0.11%"
"06/20/2023","7.059","7.063","7.069","7.051","0.09%"
"06/19/2023","7.053","7.055","7.061","7.028","0.27%"
"06/16/2023","7.034","7.041","7.057","7.027","-0.03%"
"06/15/2023","7.036","7.027","7.043","7.020","0.36%"
"06/14/2023","7.011","7.020","7.021","7.008","0.13%"
"06/13/2023","7.002","6.998","7.012","6.998","-0.20%"
"06/12/2023","7.016","7.048","7.048","7.015","-0.33%"
"06/09/2023","7.039","7.012","7.044","7.012","0.26%"
"06/08/2023","7.021","7.006","7.023","6.990","0.56%"
"06/07/2023","6.982","6.984","6.986","6.972","0.07%"
"06/06/2023","6.977","6.999","6.999","6.974","-0.29%"
"06/05/2023","6.997","7.005","7.009","6.994","0.19%"
"06/02/2023","6.984","6.992","6.992","6.966","0.07%"
"06/01/2023","6.979","7.019","7.019","6.963","-0.14%"
"05/31/2023","6.989","7.027","7.027","6.982","-0.31%"
"05/30/2023","7.011","7.034","7.034","7.010","-0.19%"
"05/29/2023","7.024","7.020","7.031","7.002","0.30%"
"05/26/2023","7.003","7.026","7.026","6.996","-0.06%"
"05/25/2023","7.007","7.013","7.015","6.996","0.24%"
"05/24/2023","6.990","7.009","7.023","6.982","-0.37%"
"05/23/2023","7.016","7.005","7.020","6.995","0.44%"
"05/22/2023","6.985","6.989","7.001","6.976","-0.27%"
"05/19/2023","7.004","7.013","7.016","6.967","0.30%"
"05/18/2023","6.983","6.985","6.989","6.968","0.16%"
"05/17/2023","6.972","6.992","6.992","6.947","0.13%"
"05/16/2023","6.963","7.028","7.028","6.961","-0.54%"
"05/15/2023","7.001","7.042","7.042","6.978","0.09%"
"05/12/2023","6.995","7.027","7.030","6.992","-0.40%"
"05/11/2023","7.023","7.021","7.033","7.016","-0.18%"
"05/10/2023","7.036","7.056","7.061","7.034","-0.14%"
"05/09/2023","7.046","7.070","7.070","7.030","-0.01%"
"05/08/2023","7.047","7.049","7.050","7.021","0.47%"
"05/04/2023","7.014","7.011","7.052","6.991","0.04%"
"05/03/2023","7.011","7.085","7.085","7.006","-1.34%"
"05/02/2023","7.106","7.135","7.138","7.092","-0.14%"
"04/28/2023","7.116","7.131","7.131","7.108","0.27%"
"04/27/2023","7.097","7.128","7.128","7.094","-0.27%"
"04/26/2023","7.116","7.143","7.143","7.098","0.08%"
"04/25/2023","7.110","7.088","7.131","7.077","-0.01%"
"04/24/2023","7.111","7.161","7.161","7.100","-1.03%"
"04/21/2023","7.185","7.237","7.237","7.183","-0.48%"
"04/20/2023","7.220","7.237","7.237","7.216","-0.10%"
"04/19/2023","7.227","7.224","7.235","7.212","0.08%"
"04/18/2023","7.221","7.276","7.276","7.220","-0.36%"
"04/17/2023","7.247","7.251","7.251","7.239","0.25%"
"04/13/2023","7.229","7.204","7.234","7.204","0.22%"
"04/12/2023","7.213","7.243","7.243","7.212","-0.15%"
"04/11/2023","7.224","7.255","7.255","7.222","-0.04%"
"04/10/2023","7.227","7.258","7.258","7.196","0.11%"
"04/06/2023","7.219","7.285","7.288","7.181","-0.74%"
"04/05/2023","7.273","7.297","7.297","7.272","-0.57%"
"04/03/2023","7.315","7.370","7.370","7.312","0.00%"
"03/31/2023","7.315","7.339","7.339","7.280","0.26%"
"03/29/2023","7.296","7.335","7.342","7.292","-0.34%"
"03/28/2023","7.321","7.325","7.335","7.310","0.12%"
"03/27/2023","7.312","7.331","7.332","7.306","-0.08%"
"03/24/2023","7.318","7.348","7.348","7.314","-0.37%"
"03/23/2023","7.345","7.340","7.351","7.315","-0.12%"
"03/21/2023","7.354","7.375","7.375","7.341","0.27%"
"03/20/2023","7.334","7.341","7.344","7.316","-0.27%"
"03/17/2023","7.354","7.372","7.379","7.350","0.03%"
"03/16/2023","7.352","7.354","7.366","7.330","-0.15%"
"03/15/2023","7.363","7.408","7.408","7.359","-0.20%"
"03/14/2023","7.378","7.392","7.392","7.336","0.18%"
"03/13/2023","7.365","7.393","7.393","7.354","-0.86%"
"03/10/2023","7.429","7.426","7.435","7.401","-0.16%"
"03/09/2023","7.441","7.465","7.465","7.437","-0.24%"
"03/08/2023","7.459","7.455","7.473","7.455","0.55%"
"03/06/2023","7.418","7.400","7.428","7.400","0.03%"
"03/03/2023","7.416","7.453","7.453","7.410","-0.19%"
"03/02/2023","7.430","7.456","7.461","7.427","-0.05%"
"03/01/2023","7.434","7.468","7.468","7.419","-0.31%"
"02/28/2023","7.457","7.446","7.465","7.434","0.12%"
"02/27/2023","7.448","7.453","7.453","7.431","0.39%"
"02/24/2023","7.419","7.390","7.422","7.373","0.38%"
"02/23/2023","7.391","7.431","7.431","7.375","-0.51%"
"02/22/2023","7.429","7.403","7.438","7.401","0.51%"
"02/21/2023","7.391","7.393","7.396","7.373","0.28%"
"02/20/2023","7.370","7.386","7.386","7.361","-0.24%"
"02/17/2023","7.388","7.405","7.405","7.358","0.63%"
"02/16/2023","7.342","7.363","7.363","7.335","-0.07%"
"02/15/2023","7.347","7.378","7.381","7.345","-0.33%"
"02/14/2023","7.371","7.408","7.408","7.369","0.07%"
"02/13/2023","7.366","7.387","7.387","7.360","0.04%"
"02/10/2023","7.363","7.356","7.370","7.351","0.26%"
"02/09/2023","7.344","7.343","7.360","7.338","0.00%"
"02/08/2023","7.344","7.330","7.358","7.310","0.48%"
"02/07/2023","7.309","7.332","7.332","7.306","-0.15%"
"02/06/2023","7.320","7.309","7.335","7.309","0.59%"
"02/04/2023","7.277","7.278","7.278","7.277","0.00%"
"02/03/2023","7.277","7.287","7.298","7.277","-0.26%"
"02/02/2023","7.296","7.255","7.299","7.245","0.26%"
"02/01/2023","7.277","7.416","7.416","7.277","-0.90%"
"01/31/2023","7.343","7.405","7.405","7.343","-0.78%"
"01/30/2023","7.401","7.392","7.407","7.377","0.19%"
"01/27/2023","7.387","7.376","7.403","7.373","0.54%"
"01/25/2023","7.347","7.344","7.358","7.331","0.01%"
"01/24/2023","7.346","7.362","7.363","7.338","-0.08%"
"01/23/2023","7.352","7.366","7.366","7.350","0.07%"
"01/20/2023","7.347","7.332","7.356","7.327","0.46%"
"01/19/2023","7.313","7.299","7.314","7.281","-0.16%"
"01/18/2023","7.325","7.325","7.327","7.313","-0.11%"
"01/17/2023","7.333","7.345","7.345","7.331","0.08%"
"01/16/2023","7.327","7.326","7.329","7.308","0.38%"
"01/13/2023","7.299","7.266","7.301","7.266","0.18%"
"01/12/2023","7.286","7.295","7.299","7.277","-0.07%"
"01/11/2023","7.291","7.332","7.332","7.290","-0.30%"
"01/10/2023","7.313","7.332","7.340","7.313","-0.39%"
"01/09/2023","7.342","7.338","7.349","7.323","-0.42%"
"01/06/2023","7.373","7.358","7.378","7.330","0.63%"
"01/05/2023","7.327","7.317","7.331","7.317","0.08%"
"01/04/2023","7.321","7.317","7.324","7.308","0.00%"
"01/03/2023","7.321","7.338","7.338","7.321","-0.26%"
"01/02/2023","7.340","7.346","7.359","7.336","0.18%"
